{
  "disposition": {
    "splitter_width": 389.9304589707928,
    "toggle_with": 690.0695410292071
  }
}